{
  "summary_statistics": {
    "total_scenarios_tested": 12,
    "hrl_win_rate": 0.0,
    "hrl_avg_rank": 4.583333333333333,
    "best_hrl_performance": 0.0,
    "worst_hrl_performance": 0.0,
    "hrl_avg_return": 0.0,
    "hrl_std_return": 0.0
  },
  "performance_rankings": {
    "by_scenario": {
      "Short-term (7 days)_Bull Market": [
        [
          "Random",
          0.0022257305008391267
        ],
        [
          "MA Crossover (10,50)",
          0.0021350660715253617
        ],
        [
          "Buy and Hold",
          0.0013509451851254563
        ],
        [
          "MA Crossover (5,20)",
          0.000912507879594341
        ],
        [
          "Mean Reversion (z>2.0)",
          0.00041187163144059015
        ],
        [
          "Momentum (12h, 2.0%)",
          0.0
        ],
        [
          "HRL-Conservative",
          0.0
        ],
        [
          "HRL-Moderate",
          0.0
        ],
        [
          "HRL-Aggressive",
          0.0
        ]
      ],
      "Short-term (7 days)_Bear Market": [
        [
          "Momentum (12h, 2.0%)",
          0.010139600221765285
        ],
        [
          "Random",
          0.003386578048611409
        ],
        [
          "MA Crossover (10,50)",
          0.0032774015799984044
        ],
        [
          "Buy and Hold",
          0.0010017595128375978
        ],
        [
          "Mean Reversion (z>2.0)",
          0.0005260606425465085
        ],
        [
          "HRL-Conservative",
          0.0
        ],
        [
          "HRL-Moderate",
          0.0
        ],
        [
          "HRL-Aggressive",
          0.0
        ],
        [
          "MA Crossover (5,20)",
          -0.005133315204570827
        ]
      ],
      "Short-term (7 days)_Sideways Market": [
        [
          "Random",
          0.0016952191049943212
        ],
        [
          "MA Crossover (10,50)",
          0.0016400474859365204
        ],
        [
          "Buy and Hold",
          0.0008136178914994525
        ],
        [
          "Mean Reversion (z>2.0)",
          0.00028671155959236787
        ],
        [
          "Momentum (12h, 2.0%)",
          0.0
        ],
        [
          "HRL-Conservative",
          0.0
        ],
        [
          "HRL-Moderate",
          0.0
        ],
        [
          "HRL-Aggressive",
          0.0
        ],
        [
          "MA Crossover (5,20)",
          -0.0023813792384383852
        ]
      ],
      "Short-term (7 days)_High Volatility": [
        [
          "Momentum (12h, 2.0%)",
          0.006346526488555537
        ],
        [
          "Random",
          0.004851641307157989
        ],
        [
          "MA Crossover (10,50)",
          0.004622249993394362
        ],
        [
          "Buy and Hold",
          0.0015601142802361574
        ],
        [
          "Mean Reversion (z>2.0)",
          0.0007930331811087672
        ],
        [
          "HRL-Conservative",
          0.0
        ],
        [
          "HRL-Moderate",
          0.0
        ],
        [
          "HRL-Aggressive",
          0.0
        ],
        [
          "MA Crossover (5,20)",
          -0.007154245051376929
        ]
      ],
      "Medium-term (30 days)_Bull Market": [
        [
          "Mean Reversion (z>2.0)",
          0.008727209474742122
        ],
        [
          "Buy and Hold",
          0.004821706029090274
        ],
        [
          "Random",
          0.0017356639540819742
        ],
        [
          "Momentum (12h, 2.0%)",
          0.0
        ],
        [
          "HRL-Conservative",
          0.0
        ],
        [
          "HRL-Moderate",
          0.0
        ],
        [
          "HRL-Aggressive",
          0.0
        ],
        [
          "MA Crossover (10,50)",
          -0.004722838480181672
        ],
        [
          "MA Crossover (5,20)",
          -0.021451559991379328
        ]
      ],
      "Medium-term (30 days)_Bear Market": [
        [
          "Mean Reversion (z>2.0)",
          0.013197049911757349
        ],
        [
          "Buy and Hold",
          0.0012362093605316478
        ],
        [
          "Random",
          0.0006277026910601125
        ],
        [
          "HRL-Conservative",
          0.0
        ],
        [
          "HRL-Moderate",
          0.0
        ],
        [
          "HRL-Aggressive",
          0.0
        ],
        [
          "Momentum (12h, 2.0%)",
          -0.027844287790609816
        ],
        [
          "MA Crossover (10,50)",
          -0.032656011186173416
        ],
        [
          "MA Crossover (5,20)",
          -0.03543275437029079
        ]
      ],
      "Medium-term (30 days)_Sideways Market": [
        [
          "Mean Reversion (z>2.0)",
          0.006632291336553753
        ],
        [
          "Buy and Hold",
          0.0023764611586574755
        ],
        [
          "Random",
          0.0008432663086423418
        ],
        [
          "Momentum (12h, 2.0%)",
          0.0
        ],
        [
          "HRL-Conservative",
          0.0
        ],
        [
          "HRL-Moderate",
          0.0
        ],
        [
          "HRL-Aggressive",
          0.0
        ],
        [
          "MA Crossover (10,50)",
          -0.010762833723316725
        ],
        [
          "MA Crossover (5,20)",
          -0.01771089915874007
        ]
      ],
      "Medium-term (30 days)_High Volatility": [
        [
          "Mean Reversion (z>2.0)",
          0.01890836339703179
        ],
        [
          "Buy and Hold",
          0.0026916884353672503
        ],
        [
          "Random",
          0.0014228435018664458
        ],
        [
          "HRL-Conservative",
          0.0
        ],
        [
          "HRL-Moderate",
          0.0
        ],
        [
          "HRL-Aggressive",
          0.0
        ],
        [
          "MA Crossover (10,50)",
          -0.04361156699190629
        ],
        [
          "MA Crossover (5,20)",
          -0.05055356749700411
        ],
        [
          "Momentum (12h, 2.0%)",
          -0.05765695346280045
        ]
      ],
      "Long-term (90 days)_Bull Market": [
        [
          "Mean Reversion (z>2.0)",
          0.03396210726950696
        ],
        [
          "Momentum (12h, 2.0%)",
          0.02359056034242152
        ],
        [
          "HRL-Conservative",
          0.0
        ],
        [
          "HRL-Moderate",
          0.0
        ],
        [
          "HRL-Aggressive",
          0.0
        ],
        [
          "Random",
          -0.019194773898478307
        ],
        [
          "MA Crossover (10,50)",
          -0.035524875521496434
        ],
        [
          "MA Crossover (5,20)",
          -0.05182171850506638
        ],
        [
          "Buy and Hold",
          -0.07000194124038986
        ]
      ],
      "Long-term (90 days)_Bear Market": [
        [
          "Mean Reversion (z>2.0)",
          0.04951129333254095
        ],
        [
          "Momentum (12h, 2.0%)",
          0.0018598627415011288
        ],
        [
          "HRL-Conservative",
          0.0
        ],
        [
          "HRL-Moderate",
          0.0
        ],
        [
          "HRL-Aggressive",
          0.0
        ],
        [
          "Random",
          -0.03887362615860475
        ],
        [
          "MA Crossover (10,50)",
          -0.05495908762958774
        ],
        [
          "MA Crossover (5,20)",
          -0.08902524408102443
        ],
        [
          "Buy and Hold",
          -0.1325934140359072
        ]
      ],